{
  "train_loss": [
    0.6937921032905578,
    0.6933303904533387,
    0.680194844086965,
    0.5916305044492086,
    0.4992642808755239,
    0.40508703017234804,
    0.36564744782447817,
    0.3111358932654063,
    0.3063640962441762,
    0.2826813867886861,
    0.2476144043604533,
    0.2491491934855779,
    0.2392745277484258,
    0.22702044065793356,
    0.20418816979726157,
    0.20382587818304698,
    0.1966642630894979,
    0.17875471023718517,
    0.17453952117760976,
    0.16666393653551737
  ],
  "train_acc": [
    0.5081666666666667,
    0.49716666666666665,
    0.5716666666666667,
    0.6686666666666666,
    0.7561666666666667,
    0.8126666666666666,
    0.8386666666666667,
    0.8645,
    0.8706666666666667,
    0.8808333333333334,
    0.8996666666666666,
    0.8945,
    0.898,
    0.9078333333333334,
    0.9151666666666667,
    0.9201666666666667,
    0.9218333333333333,
    0.9278333333333333,
    0.9321666666666667,
    0.936
  ],
  "test_loss": [
    0.6931050658226013,
    0.6929353022575379,
    0.6254090399742126,
    0.4991269993782044,
    0.4130881917476654,
    0.344033495426178,
    0.3006260035037994,
    0.25860995960235594,
    0.2323864643573761,
    0.23064354920387267,
    0.2267615087032318,
    0.18248233914375306,
    0.18381396782398224,
    0.1783781963586807,
    0.16862424194812775,
    0.14950557965040207,
    0.13391828829050065,
    0.1346844780445099,
    0.11655301710963249,
    0.1334799052476883
  ],
  "test_acc": [
    0.5065,
    0.4905,
    0.6255,
    0.7545,
    0.8075,
    0.8555,
    0.868,
    0.8865,
    0.9075,
    0.9045,
    0.9105,
    0.9305,
    0.9255,
    0.9355,
    0.9375,
    0.9445,
    0.9515,
    0.951,
    0.9575,
    0.9525
  ]
}