{
  "train_loss": [
    0.5936543968518575,
    0.3987327799002329,
    0.2909827438990275,
    0.21968492817878724,
    0.1785933754046758,
    0.1435076894760132,
    0.1276566860874494,
    0.10574289817611376,
    0.09009607162078222,
    0.09109663385152816,
    0.08092978159586589,
    0.06588032919168473,
    0.05819161112606525,
    0.049436570366223655,
    0.044083934386571245,
    0.03311192001402378,
    0.03641030650337537,
    0.027891056502858797,
    0.03166039290154974,
    0.02836478859682878,
    0.031166135370731353,
    0.026794686297575632,
    0.028496436605850856,
    0.021473575711250307,
    0.017010167931516964
  ],
  "train_acc": [
    0.667,
    0.8208333333333333,
    0.8780833333333333,
    0.9124166666666667,
    0.9335833333333333,
    0.9475,
    0.9533333333333334,
    0.9630833333333333,
    0.9655,
    0.9658333333333333,
    0.9706666666666667,
    0.9760833333333333,
    0.9796666666666667,
    0.9824166666666667,
    0.9829166666666667,
    0.9875,
    0.987,
    0.9901666666666666,
    0.99025,
    0.9899166666666667,
    0.98875,
    0.99125,
    0.9910833333333333,
    0.9928333333333333,
    0.995
  ],
  "test_loss": [
    0.45844861030578615,
    0.33569939851760866,
    0.23474265098571778,
    0.2057287769317627,
    0.2011924786567688,
    0.178502659201622,
    0.14054740810394287,
    0.15042788136005403,
    0.12220307278633118,
    0.12028761041164399,
    0.13157850289344789,
    0.13285890209674836,
    0.13458094322681427,
    0.11224918115139007,
    0.11957358753681183,
    0.12073370063304902,
    0.09764064824581146,
    0.11849111831188201,
    0.10966818559169769,
    0.09276996862888336,
    0.09150659394264221,
    0.09449301421642303,
    0.12183926808834077,
    0.10700632894039154,
    0.09496849191188812
  ],
  "test_acc": [
    0.7615,
    0.8425,
    0.902,
    0.91425,
    0.91625,
    0.916,
    0.95875,
    0.94425,
    0.96175,
    0.949,
    0.95925,
    0.9485,
    0.953,
    0.9575,
    0.957,
    0.9585,
    0.96675,
    0.9625,
    0.96675,
    0.965,
    0.96825,
    0.97225,
    0.9655,
    0.97,
    0.97475
  ],
  "test_auc": [
    0.873875550220088,
    0.9314843437374949,
    0.967404961984794,
    0.9765406162464986,
    0.981468337334934,
    0.9841636654661865,
    0.9895653261304522,
    0.9895038015206082,
    0.9917129351740696,
    0.9930367146858744,
    0.9917707082833133,
    0.9937525010004,
    0.9924194677871148,
    0.9943057222889156,
    0.994609843937575,
    0.9941674169667868,
    0.9953156262505002,
    0.9949044617847139,
    0.9948181772709084,
    0.9967079331732693,
    0.996312525010004,
    0.9962107342937174,
    0.9943945078031213,
    0.9956395058023209,
    0.9958063225290117
  ],
  "lr": [
    0.0008,
    0.0008,
    0.0008,
    0.0008,
    0.0008,
    0.0008,
    0.0008,
    0.0008,
    0.0008,
    0.0008,
    0.0008,
    0.0008,
    0.0004,
    0.0004,
    0.0004,
    0.0004,
    0.0004,
    0.0004,
    0.0004,
    0.0004,
    0.0004,
    0.0004,
    0.0004,
    0.0002,
    0.0002
  ]
}