{
  "train_loss": [
    0.6075000460942587,
    0.42530305560429893,
    0.3182401180267334,
    0.2492520336707433,
    0.21660362088680268,
    0.1923035136858622,
    0.16602551555633546,
    0.14492116296291352,
    0.1491287012298902,
    0.13228730070590972,
    0.13339040635029475,
    0.11775878149271012,
    0.10669873084624608,
    0.10321919977664948,
    0.09786354858676592,
    0.09349403105179468,
    0.09031576097011566,
    0.09220468646287919,
    0.07844486770033836,
    0.07406761344273885,
    0.07593247765302658,
    0.07287805896997451,
    0.07835163323084514,
    0.0661318139632543,
    0.06048220618565877
  ],
  "train_acc": [
    0.6505833333333333,
    0.8024166666666667,
    0.8656666666666667,
    0.8955,
    0.9158333333333334,
    0.9244166666666667,
    0.9375833333333333,
    0.9461666666666667,
    0.9453333333333334,
    0.95175,
    0.9509166666666666,
    0.95575,
    0.9615833333333333,
    0.9625,
    0.9619166666666666,
    0.9665,
    0.9664166666666667,
    0.9669166666666666,
    0.973,
    0.9715833333333334,
    0.97175,
    0.9728333333333333,
    0.9734166666666667,
    0.977,
    0.97775
  ],
  "test_loss": [
    0.4543288960456848,
    0.2981655035018921,
    0.2163460941314697,
    0.17748366463184356,
    0.14701182770729065,
    0.12956356942653657,
    0.10046039748191833,
    0.11976270765066147,
    0.08068881976604461,
    0.08172844302654267,
    0.0651908438205719,
    0.07114544630050659,
    0.06436135646700859,
    0.062385527104139325,
    0.0675693738758564,
    0.06357608199119567,
    0.05286923611164093,
    0.04857995474338531,
    0.05283467096090317,
    0.05291558837890625,
    0.04426415738463402,
    0.05245319777727127,
    0.050552500635385515,
    0.0403350874632597,
    0.0380732459127903
  ],
  "test_acc": [
    0.7795,
    0.87525,
    0.90975,
    0.93075,
    0.9415,
    0.9485,
    0.96325,
    0.95475,
    0.96725,
    0.96625,
    0.97825,
    0.97325,
    0.97575,
    0.97675,
    0.97175,
    0.97625,
    0.981,
    0.98175,
    0.981,
    0.97925,
    0.98325,
    0.981,
    0.98175,
    0.98725,
    0.984
  ],
  "test_auc": [
    0.8614889451511394,
    0.9473351510163591,
    0.9741153719850768,
    0.9826680672268907,
    0.9889697500000001,
    0.9908197704942623,
    0.9946514518630666,
    0.991529324877836,
    0.9962249599358974,
    0.9960969379590662,
    0.9974175635682431,
    0.9978295071488216,
    0.9975780586011801,
    0.9981159528988225,
    0.9975581483733656,
    0.9976037100489159,
    0.9982479842318581,
    0.998599040764387,
    0.9982161503654717,
    0.9986286509200291,
    0.9988634988634989,
    0.9982219538043233,
    0.9983668023830884,
    0.9986174986174987,
    0.9991429305773768
  ],
  "lr": [
    0.0008,
    0.0008,
    0.0008,
    0.0008,
    0.0008,
    0.0008,
    0.0008,
    0.0008,
    0.0008,
    0.0008,
    0.0008,
    0.0008,
    0.0008,
    0.0008,
    0.0008,
    0.0008,
    0.0008,
    0.0008,
    0.0008,
    0.0008,
    0.0008,
    0.0008,
    0.0008,
    0.0008,
    0.0008
  ]
}