{
  "experiment_name": "mnist_siamese_cnn",
  "timestamp": "20251014_144804",
  "config": {
    "experiment_name": "mnist_siamese_cnn",
    "batch_size": 256,
    "epochs": 25,
    "learning_rate": 0.0008,
    "weight_decay": 0.0001,
    "train_ratio": 0.1,
    "test_ratio": 0.1,
    "pairs_per_epoch": 12000,
    "seed": 42,
    "device": "cuda",
    "embedding_dim": 128,
    "max_grad_norm": 1.0,
    "use_amp": true,
    "scheduler_factor": 0.5,
    "scheduler_patience": 2,
    "min_lr": 1e-05,
    "num_workers": 8,
    "augment": true,
    "fast_dev_run": false,
    "prefetch_factor": 4,
    "persistent_workers": true,
    "compile_model": false
  },
  "dataset_info": {
    "train_images": 6000,
    "test_images": 1000,
    "train_pairs": 12000,
    "test_pairs": 4000
  },
  "model_info": {
    "architecture": "SiameseCompareNet",
    "embedding_dim": 128,
    "total_params": 192449,
    "trainable_params": 192449
  },
  "results": {
    "best_epoch": 24,
    "best_test_accuracy": 0.9865,
    "best_test_auc": 0.9988107990250353,
    "best_test_loss": 0.04013224609196186,
    "best_train_accuracy": 0.977,
    "best_train_loss": 0.0661318139632543,
    "best_test_loss_snapshot": 0.0403350874632597,
    "best_test_auc_snapshot": 0.9986174986174987,
    "final_train_accuracy": 0.97775,
    "final_test_accuracy": 0.984,
    "final_learning_rate": 0.0008
  },
  "pruning_analysis": {
    "mean_feature_maps_path": "experiments/mnist_siamese_cnn_20251014_144804\\last_conv_mean_feature_maps.png",
    "pruning_curve_path": "experiments/mnist_siamese_cnn_20251014_144804\\pruning_accuracy_curve.png",
    "mean_activation_per_channel": [
      0.36441150307655334,
      0.39926499128341675,
      0.4254209101200104,
      0.3476010262966156,
      0.3904082179069519,
      0.373224675655365,
      0.3751814067363739,
      0.446478933095932,
      0.4310625493526459,
      0.41420096158981323,
      0.44024819135665894,
      0.39125680923461914,
      0.36577197909355164,
      0.39461883902549744,
      0.37384867668151855,
      0.4127033054828644,
      0.40122854709625244,
      0.3698458671569824,
      0.3028049170970917,
      0.36457011103630066,
      0.3645259439945221,
      0.31141984462738037,
      0.36233216524124146,
      0.3894106447696686,
      0.4100511968135834,
      0.41949594020843506,
      0.4399380087852478,
      0.4074411690235138,
      0.41160354018211365,
      0.33660733699798584,
      0.36988401412963867,
      0.3427596688270569,
      0.41543543338775635,
      0.3790222406387329,
      0.38352125883102417,
      0.3907511532306671,
      0.43905946612358093,
      0.41165846586227417,
      0.3096362054347992,
      0.4288519322872162,
      0.42453813552856445,
      0.3962877094745636,
      0.4089847505092621,
      0.3559796214103699,
      0.39156872034072876,
      0.42492812871932983,
      0.3890920877456665,
      0.33505693078041077,
      0.350939005613327,
      0.38187307119369507,
      0.35771650075912476,
      0.3702876567840576,
      0.41191327571868896,
      0.3579249083995819,
      0.36900028586387634,
      0.46062830090522766,
      0.4522954523563385,
      0.37959644198417664,
      0.39492732286453247,
      0.45725661516189575,
      0.4672822654247284,
      0.3136826455593109,
      0.38194164633750916,
      0.3314405679702759,
      0.38811826705932617,
      0.42820894718170166,
      0.42225393652915955,
      0.3888121545314789,
      0.38384297490119934,
      0.37185123562812805,
      0.33261120319366455,
      0.4097013771533966,
      0.3376713991165161,
      0.3830205500125885,
      0.2905848026275635,
      0.3662618100643158,
      0.36877569556236267,
      0.47859442234039307,
      0.3984602391719818,
      0.4581715762615204,
      0.4347996115684509,
      0.4145473837852478,
      0.3762838840484619,
      0.4331011474132538,
      0.3771224915981293,
      0.3716740608215332,
      0.41048571467399597,
      0.3178173303604126,
      0.38965898752212524,
      0.35943421721458435,
      0.4070320427417755,
      0.4034549295902252,
      0.4136320650577545,
      0.3618135154247284,
      0.3686303198337555,
      0.3495223820209503,
      0.3787221610546112,
      0.3603332042694092,
      0.3961530923843384,
      0.36042749881744385,
      0.4385882318019867,
      0.44428956508636475,
      0.3708689212799072,
      0.453476220369339,
      0.3228650987148285,
      0.37839892506599426,
      0.36889487504959106,
      0.4582408666610718,
      0.3759375512599945,
      0.4338235557079315,
      0.3607783317565918,
      0.37827542424201965,
      0.37233394384384155,
      0.38191118836402893,
      0.44458910822868347,
      0.38661283254623413,
      0.4171375334262848,
      0.3436087667942047,
      0.4467245936393738,
      0.3909926116466522,
      0.4240010976791382,
      0.3723974823951721,
      0.33359643816947937,
      0.3750275671482086,
      0.34568530321121216,
      0.4046713709831238,
      0.31793054938316345,
      0.3176575005054474
    ],
    "channel_order_low_to_high": [
      74,
      18,
      38,
      21,
      61,
      127,
      87,
      126,
      104,
      63,
      70,
      122,
      47,
      29,
      72,
      31,
      117,
      124,
      3,
      95,
      48,
      43,
      50,
      53,
      89,
      97,
      99,
      110,
      93,
      22,
      0,
      20,
      19,
      12,
      75,
      94,
      76,
      106,
      54,
      17,
      30,
      51,
      102,
      85,
      69,
      112,
      121,
      5,
      14,
      123,
      6,
      108,
      82,
      84,
      111,
      105,
      96,
      33,
      57,
      49,
      113,
      62,
      73,
      34,
      68,
      115,
      64,
      67,
      46,
      23,
      88,
      4,
      35,
      119,
      11,
      44,
      13,
      58,
      98,
      41,
      78,
      1,
      16,
      91,
      125,
      90,
      27,
      42,
      71,
      24,
      86,
      28,
      37,
      52,
      15,
      92,
      9,
      81,
      32,
      116,
      25,
      66,
      120,
      40,
      45,
      2,
      65,
      39,
      8,
      83,
      109,
      80,
      100,
      36,
      26,
      10,
      101,
      114,
      7,
      118,
      56,
      103,
      59,
      79,
      107,
      55,
      60,
      77
    ],
    "accuracy_vs_k": [
      {
        "k": 0,
        "accuracy": 0.98575
      },
      {
        "k": 1,
        "accuracy": 0.98375
      },
      {
        "k": 2,
        "accuracy": 0.983
      },
      {
        "k": 3,
        "accuracy": 0.9785
      },
      {
        "k": 4,
        "accuracy": 0.96975
      },
      {
        "k": 5,
        "accuracy": 0.97225
      },
      {
        "k": 6,
        "accuracy": 0.9735
      },
      {
        "k": 7,
        "accuracy": 0.96775
      },
      {
        "k": 8,
        "accuracy": 0.96725
      },
      {
        "k": 9,
        "accuracy": 0.966
      },
      {
        "k": 10,
        "accuracy": 0.95375
      },
      {
        "k": 11,
        "accuracy": 0.9545
      },
      {
        "k": 12,
        "accuracy": 0.9435
      },
      {
        "k": 13,
        "accuracy": 0.9415
      },
      {
        "k": 14,
        "accuracy": 0.951
      },
      {
        "k": 15,
        "accuracy": 0.94125
      },
      {
        "k": 16,
        "accuracy": 0.951
      },
      {
        "k": 17,
        "accuracy": 0.93625
      },
      {
        "k": 18,
        "accuracy": 0.93525
      },
      {
        "k": 19,