{
  "train_loss": [
    0.607350309530894,
    0.42396280765533445,
    0.31739389141400653,
    0.24354229867458344,
    0.210923393646876,
    0.1893598906993866,
    0.16810144686698913,
    0.14801883951822917,
    0.14687421357631683,
    0.1303054179151853,
    0.12972291682163875,
    0.11849917519092559,
    0.1071796234647433,
    0.10318973370393117,
    0.091121834953626,
    0.08045419601599375,
    0.08379675952593485,
    0.08230175308386485,
    0.07341510626673699,
    0.07038198430339496,
    0.07579389337698618,
    0.0728368389904499,
    0.07658868497610093,
    0.06498019486665725,
    0.0631808412472407
  ],
  "train_acc": [
    0.6500833333333333,
    0.80575,
    0.8665,
    0.9,
    0.9165,
    0.9245833333333333,
    0.9353333333333333,
    0.9455,
    0.9476666666666667,
    0.9500833333333333,
    0.9515833333333333,
    0.9546666666666667,
    0.96125,
    0.96375,
    0.96525,
    0.9703333333333334,
    0.9681666666666666,
    0.9690833333333333,
    0.9736666666666667,
    0.9730833333333333,
    0.9725833333333334,
    0.97325,
    0.9734166666666667,
    0.97675,
    0.9778333333333333
  ],
  "test_loss": [
    0.4540628364086151,
    0.3057106778621674,
    0.20493510329723358,
    0.18064633548259734,
    0.1478593691587448,
    0.12475653254985809,
    0.09783338588476181,
    0.09417148303985595,
    0.07631630133092403,
    0.0892260925769806,
    0.06660732507705688,
    0.09952670258283615,
    0.07067643395066261,
    0.07418405863642692,
    0.04865264686942101,
    0.058338129878044126,
    0.05221911886334419,
    0.0472321891784668,
    0.044908247470855714,
    0.04178305548429489,
    0.04642625692486763,
    0.05931359344720841,
    0.040678152769804,
    0.03725097281485796,
    0.042420153498649596
  ],
  "test_acc": [
    0.7795,
    0.875,
    0.91425,
    0.928,
    0.94325,
    0.95075,
    0.96225,
    0.96375,
    0.972,
    0.96525,
    0.9755,
    0.9625,
    0.97225,
    0.969,
    0.9815,
    0.97875,
    0.98225,
    0.98325,
    0.984,
    0.9855,
    0.98275,
    0.9775,
    0.986,
    0.9865,
    0.98325
  ],
  "test_auc": [
    0.862714969978142,
    0.9473397760579845,
    0.9749609773507316,
    0.982936174469788,
    0.98973575,
    0.9907982699567489,
    0.994605701451313,
    0.9948029613588306,
    0.9964858774038462,
    0.995372583652046,
    0.9972197801428442,
    0.9974656326127618,
    0.997029708664404,
    0.9971986799669992,
    0.9984552775599687,
    0.9979847561554948,
    0.9981364832283491,
    0.9985827825336577,
    0.9986894931406556,
    0.9989624250352088,
    0.9987552487552487,
    0.9979542586545591,
    0.9988891155829855,
    0.999052499052499,
    0.9989769171302876
  ],
  "lr": [
    0.0008,
    0.0008,
    0.0008,
    0.0008,
    0.0008,
    0.0008,
    0.0008,
    0.0008,
    0.0008,
    0.0008,
    0.0008,
    0.0008,
    0.0008,
    0.0004,
    0.0004,
    0.0004,
    0.0004,
    0.0004,
    0.0004,
    0.0004,
    0.0004,
    0.0004,
    0.0004,
    0.0004,
    0.0004
  ]
}