{
  "train_loss": [
    0.5531014029184977,
    0.3631099001566569,
    0.2639807598590851,
    0.21383549292882284,
    0.18352402965227763,
    0.16218399536609648,
    0.14905038658777872,
    0.13969525450468062,
    0.13062167127927143,
    0.11044475185871125,
    0.10073183891177177,
    0.1023234326839447,
    0.10062248039245605,
    0.093648033340772,
    0.07528058797121048,
    0.07645168614387512,
    0.08562376701831817,
    0.07093592542409898,
    0.07149440018335979,
    0.06889350630839666,
    0.07008282233277957,
    0.05390622152388096,
    0.04660970754424731,
    0.04604074389735858,
    0.046504937594135605
  ],
  "train_acc": [
    0.7029166666666666,
    0.8426666666666667,
    0.89425,
    0.9154166666666667,
    0.928,
    0.937,
    0.9448333333333333,
    0.94875,
    0.9500833333333333,
    0.9586666666666667,
    0.9619166666666666,
    0.9605833333333333,
    0.9635833333333333,
    0.96725,
    0.9723333333333334,
    0.9715,
    0.9691666666666666,
    0.9744166666666667,
    0.9751666666666666,
    0.975,
    0.9751666666666666,
    0.98125,
    0.98325,
    0.9850833333333333,
    0.9843333333333333
  ],
  "test_loss": [
    0.3535980079174042,
    0.24559210693836211,
    0.17266354942321777,
    0.12468209327757358,
    0.11857313245534896,
    0.12438603174686431,
    0.08755059325695037,
    0.08407314372062683,
    0.0825060316324234,
    0.0774754992723465,
    0.06269568666815757,
    0.07120196950435638,
    0.07159043444693089,
    0.05750326165556908,
    0.0595722256526351,
    0.09137691849470139,
    0.055563590317964553,
    0.0463129662387073,
    0.05685812655091286,
    0.05240634714439511,
    0.05129862180352211,
    0.040907953161746266,
    0.04980855169892311,
    0.04127515044808388,
    0.04170544259250164
  ],
  "test_acc": [
    0.84225,
    0.899,
    0.9365,
    0.95275,
    0.9565,
    0.95075,
    0.967,
    0.966,
    0.97,
    0.972,
    0.97725,
    0.97325,
    0.9735,
    0.97875,
    0.9805,
    0.96975,
    0.98125,
    0.983,
    0.97925,
    0.98275,
    0.98325,
    0.9865,
    0.984,
    0.98375,
    0.98675
  ],
  "test_auc": [
    0.9233445327520444,
    0.9699591083683268,
    0.9821944722219512,
    0.9929072959778587,
    0.9917524530883112,
    0.9911143428958643,
    0.9957305393713586,
    0.996194939119026,
    0.9960404965917817,
    0.9974051851296283,
    0.9972878854131587,
    0.9967167467167466,
    0.9969124713505395,
    0.9977623187478186,
    0.9977177016778281,
    0.9961441378993022,
    0.9981883532566138,
    0.9985179907374421,
    0.99836875,
    0.9980409172287529,
    0.9988199811196978,
    0.998918473129121,
    0.9983599977493107,
    0.9990189519286444,
    0.9991609588869855
  ],
  "lr": [
    0.0008,
    0.0008,
    0.0008,
    0.0008,
    0.0008,
    0.0008,
    0.0008,
    0.0008,
    0.0008,
    0.0008,
    0.0008,
    0.0008,
    0.0008,
    0.0008,
    0.0008,
    0.0008,
    0.0008,
    0.0008,
    0.0008,
    0.0008,
    0.0004,
    0.0004,
    0.0004,
    0.0004,
    0.0002
  ]
}