{
  "train_loss": [
    0.6938130079905193,
    0.693346278031667,
    0.6791683265368144,
    0.5413095839818318,
    0.45053644593556724,
    0.4019834852218628,
    0.37850578395525614,
    0.3423431984583537,
    0.3369197667439779,
    0.3027403753598531,
    0.2784894151687622,
    0.27180130485693615,
    0.26207694681485494,
    0.2550424809455872,
    0.24584436881542207,
    0.21131088995933534,
    0.19076725220680238,
    0.1658716861406962,
    0.14569445848464965,
    0.12362095423539479
  ],
  "train_acc": [
    0.4955,
    0.48533333333333334,
    0.5305,
    0.723,
    0.7908333333333334,
    0.8223333333333334,
    0.8348333333333333,
    0.8568333333333333,
    0.8605,
    0.8711666666666666,
    0.8873333333333333,
    0.8876666666666667,
    0.895,
    0.9015,
    0.9063333333333333,
    0.922,
    0.9303333333333333,
    0.9376666666666666,
    0.9448333333333333,
    0.9515
  ],
  "test_loss": [
    0.6931366734504699,
    0.6930506606101989,
    0.6139596514701843,
    0.4657109091281891,
    0.4022034511566162,
    0.35586052513122557,
    0.38441740298271176,
    0.3439977548122406,
    0.33348726296424863,
    0.301492894411087,
    0.25974251580238344,
    0.31696031308174133,
    0.24065523958206178,
    0.2612720057964325,
    0.2422134714126587,
    0.21922305798530578,
    0.2249998836517334,
    0.16152833431959152,
    0.22086160397529603,
    0.11472761678695678
  ],
  "test_acc": [
    0.5345,
    0.488,
    0.672,
    0.789,
    0.817,
    0.853,
    0.838,
    0.871,
    0.869,
    0.883,
    0.9,
    0.8785,
    0.9055,
    0.894,
    0.9175,
    0.9175,
    0.9165,
    0.9415,
    0.943,
    0.962
  ]
}