{
  "train_loss": [
    0.607350279490153,
    0.42399973058700563,
    0.3163716367085775,
    0.2471710456609726,
    0.2116590678691864,
    0.18861594148476918,
    0.16215017807483673,
    0.14562164811293285,
    0.14873278437058132,
    0.1293252062400182,
    0.13156932298342386,
    0.11908660598595937,
    0.10811065562566122,
    0.10226416222254435,
    0.09816186374425888,
    0.0912880806128184,
    0.0897767649491628,
    0.0927515278061231,
    0.0808833423058192,
    0.07165599479277929,
    0.07531797621647517,
    0.073362050563097,
    0.07852028314272563,
    0.06577744418382644,
    0.05727008584141731
  ],
  "train_acc": [
    0.6500833333333333,
    0.8054166666666667,
    0.866,
    0.90025,
    0.9161666666666667,
    0.928,
    0.9375,
    0.9460833333333334,
    0.9449166666666666,
    0.94925,
    0.9509166666666666,
    0.9550833333333333,
    0.9605,
    0.9633333333333334,
    0.9635,
    0.96475,
    0.96625,
    0.9665833333333333,
    0.97125,
    0.9734166666666667,
    0.9735,
    0.9726666666666667,
    0.9715,
    0.9770833333333333,
    0.98025
  ],
  "test_loss": [
    0.454069313287735,
    0.3078984143733978,
    0.20780814349651336,
    0.16180778217315675,
    0.15813385820388795,
    0.12174670767784118,
    0.09791509556770325,
    0.10624044877290725,
    0.07760147073864937,
    0.09264179646968841,
    0.06709407806396485,
    0.09240095204114913,
    0.06338808631896972,
    0.08350428816676139,
    0.06470146390795707,
    0.05771792924404144,
    0.04801316140592098,
    0.05215065929293632,
    0.04508855748176575,
    0.06409129330515861,
    0.038765428692102435,
    0.05719128602743149,
    0.0432497116625309,
    0.041350167743861674,
    0.03563717588782311
  ],
  "test_acc": [
    0.7795,
    0.87525,
    0.91625,
    0.93775,
    0.93525,
    0.95475,
    0.96325,
    0.95975,
    0.97075,
    0.9675,
    0.97725,
    0.96375,
    0.97875,
    0.96875,
    0.97475,
    0.9805,
    0.98425,
    0.98225,
    0.9825,
    0.97425,
    0.985,
    0.9785,
    0.984,
    0.9845,
    0.98775
  ],
  "test_auc": [
    0.8627042197604502,
    0.9476062784565061,
    0.974582443271785,
    0.9846244747899161,
    0.9896302499999999,
    0.9912075301882548,
    0.9944014496130466,
    0.9937359334955181,
    0.9964380508814102,
    0.9948702613176297,
    0.9974538196955286,
    0.9971580273348553,
    0.9976958300650295,
    0.9965481637040926,
    0.9973101126562225,
    0.9980437632953588,
    0.9985832372491353,
    0.9984624716262607,
    0.9988470240167073,
    0.9979651029786902,
    0.9990869990869992,
    0.9976913169700712,
    0.9988101060228288,
    0.998995998995999,
    0.9991699327645539
  ],
  "lr": [
    0.0008,
    0.0008,
    0.0008,
    0.0008,
    0.0008,
    0.0008,
    0.0008,
    0.0008,
    0.0008,
    0.0008,
    0.0008,
    0.0008,
    0.0008,
    0.0008,
    0.0008,
    0.0008,
    0.0008,
    0.0008,
    0.0008,
    0.0008,
    0.0008,
    0.0008,
    0.0008,
    0.0004,
    0.0004
  ]
}