{
  "train_loss": [
    0.6064251124064127,
    0.42539666779836016,
    0.3225765961011251,
    0.2528913552761078,
    0.21396343235174814,
    0.1872590684890747,
    0.16360455894470216,
    0.1463844187259674,
    0.14906032758951188,
    0.13102384946743648,
    0.12387562727928161,
    0.11387507826089859,
    0.10726420964797338,
    0.10229502671957016,
    0.09850338993469875,
    0.09144746053218841,
    0.08765104309717814,
    0.08571033280094464,
    0.07782377638419469,
    0.07194217064976692,
    0.0757566301425298,
    0.0727219236890475,
    0.0706327619155248,
    0.06314556975166002,
    0.05756075049440066
  ],
  "train_acc": [
    0.6519166666666667,
    0.8036666666666666,
    0.8640833333333333,
    0.8950833333333333,
    0.9170833333333334,
    0.9285833333333333,
    0.93725,
    0.9445,
    0.9438333333333333,
    0.9490833333333333,
    0.95425,
    0.9568333333333333,
    0.9599166666666666,
    0.964,
    0.9620833333333333,
    0.96725,
    0.9665833333333333,
    0.9681666666666666,
    0.9725833333333334,
    0.97275,
    0.972,
    0.9725833333333334,
    0.9756666666666667,
    0.9781666666666666,
    0.9799166666666667
  ],
  "test_loss": [
    0.4535387370586395,
    0.2939834077358246,
    0.2014556665420532,
    0.16379742205142975,
    0.1330586988925934,
    0.13124223482608796,
    0.08871733456850052,
    0.10080536031723022,
    0.08056693659722805,
    0.07119117486476899,
    0.07672120320796967,
    0.08233723121881485,
    0.06327520087361335,
    0.05796132825314999,
    0.07545994958281517,
    0.059659259140491486,
    0.05547146239876747,
    0.04848130235075951,
    0.04643189138174057,
    0.0520903679728508,
    0.03549635574221611,
    0.05499215687811375,
    0.035997036546468734,
    0.03261322533711791,
    0.03709014144539833
  ],
  "test_acc": [
    0.7805,
    0.8745,
    0.92,
    0.93725,
    0.9505,
    0.95025,
    0.9665,
    0.95875,
    0.97225,
    0.97575,
    0.97125,
    0.96875,
    0.9795,
    0.97775,
    0.97275,
    0.97625,
    0.98175,
    0.9835,
    0.98425,
    0.9795,
    0.98575,
    0.9805,
    0.98775,
    0.988,
    0.987
  ],
  "test_auc": [
    0.8634339845381869,
    0.9475404028636258,
    0.9755867403276227,
    0.9843079731892758,
    0.9902327500000001,
    0.9909337733443335,
    0.9953739583656253,
    0.9939713551178809,
    0.996132061298077,
    0.9969198064521292,
    0.9971212634935304,
    0.997775738746586,
    0.9978616102784732,
    0.9980162004050102,
    0.9969828155254356,
    0.9978072346753957,
    0.997961481653335,
    0.9983984392098499,
    0.9986712395629543,
    0.9986506525096438,
    0.9993357493357492,
    0.9981471492718192,
    0.9992246561833982,
    0.9993774993774993,
    0.9991694327240506
  ],
  "lr": [
    0.0008,
    0.0008,
    0.0008,
    0.0008,
    0.0008,
    0.0008,
    0.0008,
    0.0008,
    0.0008,
    0.0008,
    0.0008,
    0.0008,
    0.0008,
    0.0008,
    0.0008,
    0.0008,
    0.0008,
    0.0008,
    0.0008,
    0.0008,
    0.0008,
    0.0008,
    0.0008,
    0.0008,
    0.0008
  ]
}